,url
0,https://www.cm-alliance.com/cybersecurity-blog
1,https://www.varonis.com/blog/cybersecurity-tips
2,https://www.cisecurity.org/insights/blog/11-cyber-defense-tips-to-stay-secure-at-work-and-home
3,https://www.cisa.gov/topics/cybersecurity-best-practices
4,https://www.qnbtrust.bank/Resources/Learning-Center/Blog/7-cyber-security-tips
5,https://nordlayer.com/learn/network-security/basics/
6,https://www.fortinet.com/resources/cyberglossary/what-is-network-security
7,https://www.cisco.com/site/us/en/learn/topics/security/what-is-network-security.html
8,https://www.trendmicro.com/en_us/what-is/network-security/network-security-basics.html
9,https://digitdefence.com/blog/fundamentals-of-network-security-in-computer-networks
10,https://guardiandigital.com/resources/blog/guide-on-phishing
11,https://cofense.com/blog
12,https://www.connectwise.com/blog/phishing-prevention-tips
13,https://www.phriendlyphishing.com/blog
14,https://inspiredelearning.com/blog/phishing-protection-checklist/
15,https://en.wikipedia.org/wiki/SD-WAN
16,https://www.cisco.com/site/us/en/learn/topics/networking/what-is-sd-wan.html
17,https://www.fortinet.com/resources/cyberglossary/sd-wan-explained
18,https://www.hpe.com/us/en/what-is/sd-wan.html
19,https://remotedesktop.google.com/
20,https://support.microsoft.com/en-us/windows/how-to-use-remote-desktop-5fe128d5-8fb1-7a23-3b8a-41e636865e8c
21,https://support.apple.com/guide/remote-desktop/welcome/mac
22,https://en.wikipedia.org/wiki/Remote_desktop_software
23,https://www.cloudflare.com/learning/access-management/what-is-ztna/
24,https://www.fortinet.com/solutions/enterprise-midsize-business/network-access/application-access
25,https://www.microsoft.com/en-us/security/business/security-101/what-is-zero-trust-network-access-ztna
26,https://www.zscaler.com/resources/security-terms-glossary/what-is-zero-trust-network-access
27,https://www.efax.com/
28,https://sign.dropbox.com/products/dropbox-fax
29,https://www.fax.plus/
30,https://comfax.com/reviews/free-fax/
31,https://nytlicensing.com/latest/trends/content-marketing-best-practices-2022/
32,https://copyblogger.com/content-marketing/
33,https://www.twilio.com/en-us/blog/insights/content-marketing-best-practices
34,https://www.akkio.com/beginners-guide-to-machine-learning
35,https://medium.com/@amitvsolutions/machine-learning-101-the-complete-beginners-guide-to-machine-learning-686a30cbcf6b
36,https://realpython.com/tutorials/data-science/
37,https://www.geeksforgeeks.org/data-science/data-science-with-python-tutorial/
38,https://jakevdp.github.io/PythonDataScienceHandbook/
39,https://www.w3schools.com/datascience/
40,https://towardsdatascience.com/machine-learning-basics-with-examples-part-1-c2d37247ec3d
41,https://www.analyticsvidhya.com/blog/2021/09/comprehensive-guide-on-machine-learning/
42,https://aws.amazon.com/what-is/deep-learning/
43,https://developers.google.com/search/docs/fundamentals/seo-starter-guide
44,https://digitalmarketinginstitute.com/blog/what-is-seo
45,https://www.coursera.org/articles/content-strategy
46,https://www.youtube.com/creators/how-things-work/content-creation-strategy/
47,https://digitalmarketinginstitute.com/blog/what-are-the-most-effective-digital-marketing-strategies
48,https://emotive.io/blog/11-essential-digital-marketing-tips
49,https://www.forbes.com/advisor/business/what-is-digital-marketing/
50,https://blog.hubspot.com/marketing/what-is-digital-marketing
51,https://www.investopedia.com/terms/s/seo.asp
52,https://mailchimp.com/marketing-glossary/content-marketing/
53,https://sproutsocial.com/insights/social-media-marketing-strategy/
54,https://www.shopify.com/blog/ecommerce-seo-beginners-guide
55,https://www.dollardays.com/?srsltid=AfmBOopXjdOu2Kwq6fwYN9FPfB19MorSOf5UyS0EisxFSAzOm8wbl8KF
56,https://www.woot.com/
57,https://www.shopmissa.com/?srsltid=AfmBOoqr-F6zzKR-vGPqksAZp1wW4niXlINdN2eAREiMVNtHez_0-gAB
58,https://martie.com/?srsltid=AfmBOoqTEC0QXQ3xYEvV1VWP6OX6EZboYFZDuiiilhyLfDJNbuXIZ97r
59,https://www.dealsofamerica.com/
60,https://www.dealnews.com/
61,https://viewyourdeal.com/
62,https://americasstealsanddeals.com/
63,https://www.pricegrabber.com/
64,https://www.wikihow.com/Make-Money-Online
65,https://en.wikipedia.org/wiki/Search_engine_optimization
66,https://simple.wikipedia.org/wiki/Search_engine_optimization
67,https://en.wikipedia.org/wiki/Content_marketing
68,https://simple.wikipedia.org/wiki/Content_marketing
69,https://en.wikipedia.org/wiki/Machine_learning
70,https://simple.wikipedia.org/wiki/Machine_learning
71,https://en.wikipedia.org/wiki/Artificial_intelligence
72,https://simple.wikipedia.org/wiki/Artificial_intelligence
73,https://en.wikipedia.org/wiki/Digital_marketing
74,https://simple.wikipedia.org/wiki/Digital_marketing
75,https://www.reuters.com/technology/artificial-intelligence/
76,https://www.cnbc.com/artificial-intelligence/
77,https://www.bbc.com/news/topics/c404v061z99t
78,https://www.theguardian.com/technology/artificialintelligenceai
79,https://apnews.com/hub/artificial-intelligence
80,https://abcnews.go.com/alerts/technology